date;P;C;PMC;CAC40;AC;AIR;AI;ATO;CS;BN;EN;CA;ACA;SGO;OR;MC;VIV
31/01/2004;0.00194703140469876;0.0322429069185602;-0.0302958755138614;0.022636960362332;0.00668522068277233;-0.0737401203643208;-0.0378571601935358;0.0453648212802811;0.0588236187863544;0.0510045425291952;0.0443723477652609;-0.0781250342398002;0.0369783223458799;0.0543673465857282;-0.0207692072941706;0.00346621768275468;0.0975608963512686
29/02/2004;0.0317435473274877;0.0167933774277181;0.0149501698997697;0.0239113470061498;-0.0229662093390336;0.06586492475258;0.0586488910600096;0.0603773513489474;0;0.0316176743363135;0.023834148826424;0.0854935293243451;0.0545083928913959;0.0325024899943431;0.0392772967803237;0.0621761378108434;0.0898345779492764
31/03/2004;-0.00635328687245976;-0.00044244676013638;-0.00591084011232338;-0.0268988260483602;-0.0662702285644687;-0.0569586963205904;-0.0287517645166937;-0.0560497879247862;-0.0555556352754761;-0.0491802872452373;-0.0553306148252215;-0.0783008015419261;0.0265700129657831;-0.0269822340745193;-0.0582010914589651;-0.0276422888282838;-0.0642083266081885
30/04/2004;-0.0190919072280373;-0.0275673748127305;0.00847546758469326;0.0135301895582864;0.0652108722904257;0.202279276281255;0.054873635290474;-0.0885956868320943;0.0588236187863544;0.0479759922754215;0.0174999918256487;-0.0356253195545528;-0.031529352265745;0.0245681903803934;0.0096308554761817;-0.0167224082401034;-0.026889149244017
31/05/2004;0.0103917847184298;0.0344788895788727;-0.024087104860443;-0.00126559392514913;-0.0318906855197308;-0.0355450230540593;-0.00889799475941411;-0.00289553993495695;-0.0555556352754761;0.0150214741205905;-0.00772198368276289;0.0348747693295572;-0.0204081740695082;-0.021130090508495;0.0182830126865063;-0.00170065434385358;0.0195331008610429
30/06/2004;0.0400328733656032;0.0157162416385346;0.0243166317270686;0.0172660757202343;0.0202940984954851;0.1243242620084;0.0323895127347369;0.0952084174661758;0.0588236187863544;0.0105707534510786;-0.0265298899135331;-0.00449326757376978;-0.00793650707867433;-0.00630604716031735;0.0249804589834002;0.0127768311797625;0.0654206057902105
31/07/2004;-0.0201743231734054;-0.0474747062005094;0.0273003830271041;-0.0230083372317675;0.0170078432501541;0.000874145913342783;-0.0103016972881526;-0.0717802665294832;-0.0555556352754761;-0.0446303330602514;0.01489825002152;-0.00626880625135884;-0.0200000522968333;-0.00903106506121021;-0.0929170167104074;-0.046257358531681;-0.0890351883385516
31/08/2004;0.00051388864847359;0.00591468594139235;-0.00540079729291875;-0.014482758066695;-0.0164399520469753;-0.0620087379890132;-0.0289963310896181;-0.090797764986279;0;-0.0291970609068291;0.0128893879848919;-0.0264950595195753;0.0561224875505959;0.0167487766190242;-0.0822837577491043;-0.0723104450379165;-0.0235916420911774
30/09/2004;0.0172235758590295;0.0361666159520821;-0.0189430400930527;0.0128899467340788;-0.0956772497031813;-0.00698322261298601;-0.0329249254458031;-0.00246854609916702;-0.0588235019118909;-0.0481203407922806;0.0675150153976765;-0.0184033920547513;0.0608695990860264;0.00121131427413923;-0.0347667241139816;0.0218631475140574;0.0172582732572444
31/10/2004;0.0179129633554026;0.0295858669291529;-0.0116729035737503;0.0181865014335159;0.0369662326712024;0.0478199935026746;0.0023752611024046;0.102587099209821;0.0624999689552215;0.0363349249166225;0.0225165026704774;-0.0934776129040121;0.0459926152950969;0.0416161947690377;0.0132701566434019;-0.000930218363917157;0.0378090933135831
30/11/2004;0.076987241617952;0.0529958381611754;0.0239914034567767;0.0126604288244818;-0.0147510401209161;0.0178970743491311;0.0276461440732751;0.018771651145397;0.0588236187863544;0.022865884941232;0.0479275093849523;0.041071942097499;-0.0300390917152656;-0.0055748633687065;0.0177736342259915;-0.00372440894037163;0.0368986946718581
31/12/2004;0.0197965084479392;0.0419466373326682;-0.022150128884729;0.0179580185439561;0.00467872651719881;-0.0597802466088599;0.0453497182782843;0.000801146595865276;0;0.0134127261843136;0.0506798318515427;-0.019585918580446;-0.00359071273505918;0.0352720923404428;0.0266543549185823;0.0532709995162821;0.0581081687974641
31/01/2005;-0.0200315758390468;-0.0514489464762559;0.031417370637209;0.0242151680183926;0.0419124418019297;0.0963067523175312;-0.0301470660253139;-0.0144085931069631;0.0555555248940476;0.0514706022237506;-0.116176493027631;0.128709994397708;0.0292792587198445;0.0688176727902083;0.0286482064911737;-0.0541259861517347;0.0332055768215913
28/02/2005;0.0509126981385552;0.00718776429225512;0.0437249338463001;0.028993091533039;0.0545291594968318;0.012366695042374;0.0288097461736712;0.117766501183689;0.0526315514284519;0.0531469508872318;0.0895175543994251;0;-0.019255992631906;-0.0137217168215752;0.0295909615380912;0.0497186034486152;-0.0177173984640435
31/03/2005;-0.0100241809094032;-0.0168196881569943;0.006795507247591;0.0100865418990088;0.0669680914482438;-0.0286436525582052;0.0456890336984814;-0.0526793838690717;0.0499999751641773;0.0199202913466494;-0.0659743935255013;0.0351453708334317;-0.0642570230359273;0.00599312440027933;0.0439560170253515;0.0312779262937772;-0.00880871040092424
30/04/2005;-0.0323472044080152;-0.0183081064448412;-0.014039097963174;-0.0383673815288267;-0.0632944672093106;-0.0477016655223401;-0.0274841897866009;-0.105273260677186;-0.0952380501844474;-0.0572917017592325;0.00850229658373158;-0.0840253723033775;-0.0457796813995535;-0.0723404579974235;-0.0995951664109944;-0.055459284586263;-0.0105797787334444
31/05/2005;0.0539379910256925;0.0539407401537086;-2.74912801613569e-06;0.0534344370156614;0.0599377434764943;0.0942623719705205;0.0239130391013034;0.0769394888965846;0.0526315514284519;0.0331491725047048;0.0139429410845739;0.0746666463216146;0.0529735221684935;0.0727064700592626;0.0602518413804922;0.0642201834862386;0.0590248904582253
30/06/2005;0.0179234552761662;0.00970071910693414;0.00822273616923202;0.0263594357558814;0.034142476862405;0.0965459687278969;-0.00283077520998321;0.042786108779278;0.0499999751641773;-0.0280748943448755;0.0956187342500399;-0.0049627981817808;-0.00522068595848413;-0.0188155026620094;0.00678537245131139;0.101724164239291;0.0525039718783378
31/07/2005;0.0551141799233416;0.0516943802458956;0.00341979967744607;0.0525825792577423;0.0833117971688426;0.0523718839008847;0.0397444014299266;0.123091615291158;0.0952381447971078;0.122420980657939;0.0539989019104998;-0.0289276780935721;0.0787213723594018;0.0797559358485787;0.0968829005531857;0.0727699751931257;0.00729089102241898
31/08/2005;-0.00366368178587072;-0.00736185867537238;0.00369817688950165;-0.011766268545789;0.0178571405556922;-0.013342911575646;-0.03822516512257;0.0467289807235594;-0.0434782383342256;0.0428921651198193;0.00110775172670241;-0.032614291282809;-0.0446705012281043;-0.00585269263355381;-0.000767978856146323;-0.0444931132892138;-0.0297142490428474
30/09/2005;0.0202175899707557;0.00800352819497289;0.0122140617757828;0.0456112167419598;-0.0170759959056103;0.078216350215971;0.0858764471580684;-0.044642865139033;0.0454545208239785;0.0540540694610354;0.0697094477648197;0.016193274223582;0.129629566111813;-0.0284205797581129;-0.00922376749218945;0.0473282209789481;0.0663525354643759
31/10/2005;-0.0391271429985091;0.00338320069097665;-0.0425103436894858;-0.0355585026856944;-0.00856736043910067;-0.0203389959820246;-0.00849667526279507;-0.0263382023540513;0.0434782383342256;-0.0512820651493473;0.0646496022336942;-0.030825505297925;0.00204918581791236;-0.0451316301685322;-0.048099280386477;-0.015306056060036;-0.0324006463601375
30/11/2005;0.0160258596359037;0.0538259085167105;-0.0378000488808068;0.0295190873721225;0.0837734437444011;0.087543277510056;0.0112063024987361;-0.0026177953190224;0.0833333747263714;0.0258518595159691;-0.0140878805478043;-0.00539075354360719;0.050715810720388;0.075492356790883;-0.000814983509439537;0.0777202037426612;-0.0620242476593046
31/12/2005;0.0137138628790591;-0.00538067825447077;0.0190945411335299;0.0323640354515731;0.029014403227426;0.0149538437413599;0.0593219553436011;-0.0262466615780431;0.0384615178874848;0.0114547699543666;0.0174919704805023;0.0726287315542855;0.0358115746524232;0.0223804362150815;0.0244698208592005;0.0309065921109968;0.0734279162304479
31/01/2006;0.0473056050911041;0.0450588904368172;0.00224671465428687;0.0493634997381636;0.0617735804475394;0.0109717989233584;0.0412308204795986;0.0952380909466466;0.0370370179587647;0.0158551167899472;0.0924939410506416;-0.0181910355582199;0.0916948640535338;0.0736318559788947;0.063694329033315;-0.0106596005226821;-0.0256991300445084
28/02/2006;-0.00882526926134369;0.0136369924575137;-0.0224622617188574;0.0106022765714142;0.02270425423445;-0.0462015432904858;-0.021276564916112;-0.0401969019960502;0.0714286069083183;0.08138237638486;-0.0234928542483782;0.0720535047113375;0.0554216672263648;0.0379981317529243;0.111526895327681;0.026936026936027;-0.0128006667857355
31/03/2006;0.00971578286457029;0.0223676942796187;-0.0126519114150484;0.0440760119059593;-0.0570862975697241;0.130364115703636;0.0374395745487639;0.0452991872115616;-0.033333381901163;0.0422680059191263;-0.00476629352302349;0.0537686434630638;0.0472928726515498;0.0294643129621233;-0.0208754619765362;0.0609836265689037;0.113556088138821
30/04/2006;0.0272386742732132;0.00367754866945326;0.0235611256037599;-0.00621550029315487;0.0487702494389277;-0.100373877629297;-0.00174619022770872;-0.0278005368684967;0;-0.0217606468005936;-0.0136829759406991;0.0473803631904492;-0.00529428777999175;0.0312228827305847;0.0110041689867932;0.0315203383716571;0.0211714148855935
31/05/2006;-0.0145523180257175;-0.0507869911353986;0.0362346731096812;-0.0497686630604273;-0.0827820863911951;-0.111253240830992;-0.0542274447017564;-0.0967199146951736;-0.0689654841663234;-0.0475227586842875;-0.0196531439103143;-0.0158764582319267;-0.0892298374128949;-0.0807401038765473;-0.0496598847058355;-0.0808867614960672;-0.0328265593907614
30/06/2006;0.019718252077225;-0.00071654589317546;0.0204347979704005;0.00725729768092709;0.0399912275139986;-0.192086341695617;0.0328606584021944;-0.0474860204758446;-0.019884773558378;0.0552017581038242;-0.0518868085793978;0.0130386774052573;0.0226882548672291;0.0228728264427966;0.0572655703275637;0.0117340490441771;-0.021078901007889
31/07/2006;0.00927108497378166;-0.0179667625907753;0.027237847564557;0.00875157296461482;-0.0296280229095867;0.00400713073270387;0.0374262038645496;-0.289736083722784;0.0384616048789765;0.0412474504580533;-0.0276119549573461;0.0647906023302107;0.0578151759554097;0;0.0622884031031232;0.0135309674278921;-0.0324817901273018
31/08/2006;0.0128533401547004;0.031553544123227;-0.0187002039685266;0.0310654965274406;0.0816369613288486;0.0439025149428718;0.04240497115619;0.128268646941956;0.0740740526519066;0.0376811406264184;0.0514197573212374;-0.0133169741362594;0.00762627512822678;0.0366726150465577;0.0414276625420931;0.0216147096663797;0.0128253760052319
30/09/2006;-0.00500923160623642;0.0300007475860207;-0.0350099791922571;0.0164509327943028;0.0760761762004316;-0.0365335844054404;-0.0230722368053193;0.0605024916338877;0;0.0307262769604078;0.0262774177895582;0.0346761210326771;0.0923998690242755;-0.0129421913740447;-0.0195838253841638;0.0112010148471724;0.0588454204145841
31/10/2006;0.0575476165082466;0.0274621354640232;0.0300854810442234;0.0188038154690933;0.0120930208201051;-0.0630511589918031;0.0366687564254542;0.0259950595588399;0.034482749336052;0.0370370072807387;0.0829777139563113;-0.0419426063774571;-0.0383949194773059;0.00961537114903144;-0.0486891585539658;0.00492309570312499;0.0436159446058768
30/11/2006;0.0352481802144678;0.0246491354930531;0.0105990447214147;-0.00394296287661011;0.00919117464147257;0.0451764275045956;0.0245803368529034;-0.047533651045214;-0.0333333246573553;0.0121951812152206;-0.0186076722513678;-0.0111018553699214;-0.0402281477517706;0.0432900432900434;-0.00131231598590509;-0.0410287619291632;-0.0208965909382473
31/12/2006;-0.0019821425480147;0.00490663839243962;-0.00688878094045433;0.0401903325696702;0.0692167440921265;0.175146396098532;0.0526623652802793;0.0576742263036454;0.0689654986721042;-0.0120482506156364;0.0847646460372931;-0.026901090497614;-0.00344072105397397;0.0564315605955006;-0.00262808084431432;0.0210727181631614;0.0192771045635602
31/01/2007;0.0269752420806383;0.0283822947706285;-0.00140705268999022;0.0120088736761119;0.0834752827307399;-0.0245211221319159;-0.00667035466203802;-0.0449588855068496;0.0322580563908634;0.029616737867554;0.0662142162303403;-0.0378754444010349;0.0470035434277993;0.137470538731133;0.0685111573610337;0.0118824842263812;0.0665315892416645
28/02/2007;0.00720212003650001;-0.00288646577701744;0.0100885858135175;-0.0164024872758312;0.0492138110787332;0.017674814576639;-0.0303860758499073;-0.0463761223573622;0;0.0126904070668223;0.0163934872484635;0.142081417893605;-0.082166789616602;-0.0276243088100643;-0.024291014275811;0.0349814805646129;-0.0547814972613917
31/03/2007;0.031581059169338;-0.00079833241757093;0.0323793915869089;0.0213621283367011;0.0720815606996341;-0.103820939787705;0.0532693977877357;0.225073286961512;0;0.0217209574648305;0.0977229153059767;0.0845879654612711;-0.032161785472277;0.0393465423725619;0.0328574016651229;-0.00812134572928414;0.0190954570474999
30/04/2007;0.0486365927542699;0.0342187391282409;0.014417853626029;0.057840010538394;-0.028795119845173;0.0215331617048082;0.00131509755275272;0.0568521580974048;0.0624999847492571;-0.00899428182924877;0.0143474823327088;0.034337919052333;0.0647481892709183;0.0776274490544744;0.0781842545844744;0.0351595191047198;-0.00131486070290798
31/05/2007;0.0390156565040603;0.0382959124225271;0.00071974408153317;0.0241541935950056;-0.00532521038721812;-0.0147554167054315;-0.0344204990173098;-0.136466594382633;-0.0588235159024558;-0.0396039603960396;0.117927711877243;-0.043616478441033;-0.0128700190031807;0.0334812865026863;0.00204267248712453;0.0203559378289107;0.0658327443373941
30/06/2007;-0.0168594576991593;-0.0199211523019151;0.00306169460275585;-0.0080389620279735;-0.0490522569071314;0.0320924250349579;0.10444881832079;0.013770593158607;0;0.0309278350515463;-0.0519817062001509;-0.0372969066369041;-0.0159713192816975;0.023070375900063;-0.00566251396058182;-0.0248518043187312;-0.014515111929333
31/07/2007;-0.0327112769913352;-0.037752486688921;0.00504120969758586;-0.0501822628560774;-0.0368228947670787;-0.076699847309314;-0.017754495177092;-0.0646831210253069;-0.0937499771238856;-0.105000033688863;-0.0490432433576329;0.004027600439795;-0.0609473489094874;-0.0164328019845027;-0.0386104700662715;-0.0324994008597473;-0.0184895287825154
31/08/2007;0.0105142527633091;0.0229273295067838;-0.0124130767434747;-0.0153675277707686;-0.00458139203170438;-0.0220026834775993;-0.0225681298701964;-0.0479483570647867;0;0.0409683692805436;-0.0224889758215016;-0.0187201446189303;-0.0229276348441779;-0.026097553532298;0.0185996875572814;-0.00930406298435615;-0.0418263209337342
30/09/2007;0.0333139644310934;0.030552003523799;0.00276196090729436;0.00935768171827545;-0.0119028709238433;-0.0101010658295351;0.00331368327963388;-0.012106551055542;0.0689654986721042;-0.0125223494572453;0.0463587656376354;-0.0436051763742434;-0.0234657241134969;-0.0835211384669178;0.0700162410796294;0.0253689704262552;-0.0136621054306051
31/10/2007;0.0324381952900508;0.0173960104719855;0.0150421848180653;0.0231398580507518;0.0579826974884354;0.0871985674714422;0.0120392029196634;0.0286765054762808;0;0.0724637925281617;0.0953876723038292;0.0113982810180964;0.0088724466758876;0.0109303920710173;-0.0147826153299083;0.0572141974075668;0.0499999834075899
30/11/2007;-0.0257764310135372;-0.0496649067861082;0.023888475772571;-0.0303320591266204;-0.121754966337755;-0.0639931726034112;0.0443204892664046;-0.0764832575078356;-0.09677416917259;0.0185810237512625;-0.0760640017059629;0.0648017973373889;-0.119824111626695;-0.0910933647569395;0.0473301075067889;-0.0668316268628517;0.00997425094946114
31/12/2007;0.00072707159479681;-0.0303699416646782;0.031097013259475;-0.00996191702859994;-0.0544511566207498;-0.0050137013525049;0.0261088792117219;-0.0879772633831716;-0.0357142757546172;0.0182421345049861;-0.0689317402247294;0.00718202739011775;-0.0395503824262305;-0.0410409239588174;0.0321289691557234;-0.00313482190230396;-0.000318557366963734
31/01/2008;-0.0401051812868537;-0.0441443826996782;0.00403920141282458;-0.132575600758278;-0.0676416685138858;-0.219422767976149;-0.0869437462230358;-0.0605374565337367;-0.152592591842817;-0.120032544100918;-0.0994736520867598;-0.117845796323946;-0.111833590477018;-0.192587976125874;-0.158399711581176;-0.171141769153974;-0.144359436571662
29/02/2008;-0.0144480542879335;-0.0432987145260527;0.0288506602381192;-0.0162491364469038;-0.0737255382284931;0.0228872868952172;0.0108672731786854;0.0788918684948015;-0.0174825977299559;-0.0379419273591052;-0.114747769223383;-0.00701974107934111;-0.119570441731391;0.00288076679005278;-0.0453552983906567;-0.00437757810750039;-0.0234637387562479
31/03/2008;-0.00881484074958065;-0.0146807344294061;0.00586589367982542;-0.0174486040138323;-0.0207451049997142;-0.138841080546357;0.0278871696688658;-0.0159084632613032;0.0226868540631715;0.0896499176107002;-0.114436556016657;0.0469151373691437;0.0864745034831202;-0.0109153520011455;0.0218496086640148;0.0332697718215154;-0.0560640746196066
30/04/2008;0.062644210430363;0.0549108347471913;0.00773337568317177;0.0614969026706109;0.152183213016878;0.0759493252674894;0.0015532924476338;0.117697154783334;0.0397998996356486;0.00353104960435213;0.193339921838525;-0.0744833122407448;0.104591841484157;0.0019360788222047;-0.0525858183559206;0.0414184137439051;0.0533334299067498
31/05/2008;0.0307348795981525;0.0296132764739415;0.00112160312421102;0.00355040607201418;-0.0797373277369759;-0.0699689899354584;-0.023159634538085;-0.0365390070308264;-0.0499895597002633;-0.0100281386172739;0.0930862386108211;-0.00353747178933084;-0.214318730259199;0.00173913338334097;0.0263745198842287;0.0243802909312039;0.0362484986415597
30/06/2008;-0.07498863546208;-0.111255734062869;0.0362670986007887;-0.115555914772702;-0.134964274118915;-0.198402157462673;-0.0235288104633649;-0.0737424203189507;-0.169528765424861;-0.207392951856382;-0.196799418950912;-0.202130034879892;-0.173034370730159;-0.233410463705738;-0.116594254720724;-0.114745344481724;-0.107903061173938
31/07/2008;-0.019823457515751;0.02284400915942;-0.042667466675171;-0.00958098547625219;0.0148479569388071;0.012458440116738;0.00476925682261964;0.0591413067673567;0.00662780762445259;0.0706277821638766;-0.00996200594083008;-0.0842602574093283;0.0608628582472235;0.0118268089118005;-0.0246019824281017;0.065635250781102;0.119087181112279
31/08/2008;0.0126423473962725;0.0212330102455158;-0.00859066284924329;0.0205448180895604;0.050859309390916;0.257588224069818;-0.0149519379382734;-0.0126174398694135;0.151435270494966;-0.00335079679421424;-0.0119789166241923;0.0971758497808606;0.0544662654088421;0.0420294076071952;0.00756679710214314;0.0249472071683408;-0.0196514231998715
30/09/2008;-0.123779285774292;-0.0907730042943114;-0.0330062814799804;-0.100499707800289;-0.174033177755595;-0.217221131133641;-0.0674015434120226;-0.15986950930519;0.0473467893349169;0.0506409265897612;-0.230116423186809;-0.0838638943929654;-0.0767906728790725;-0.137350855812278;0.0197319432429699;-0.150852599512608;-0.167171021529894
31/10/2008;-0.190600227064971;-0.218174043922843;0.027573816857872;-0.135172742763427;-0.18809366169232;0.0783332983652751;-0.130594831625608;-0.414239440180125;-0.351386780407429;-0.131199960414237;0.0450393796905757;-0.00543807593575907;-0.161879866626831;-0.169318045697213;-0.147797842748759;-0.16008094447827;-0.0733423233557615
30/11/2008;-0.078208277494283;-0.113922631666478;0.0357143541721953;-0.0643491906729373;-0.00411929426236757;-0.0370942471253241;-0.00676027223717646;-0.0414365781363539;0.00673400496357957;0.042242111059523;-0.0289330643653702;-0.0975090906141293;-0.224299131326391;0.0467943615152753;0.0787088114174992;-0.140460804235097;0.0904189621315536
31/12/2008;0.0265604062660969;0.0503418756673731;-0.0237814694012762;-0.0137034468210977;0.161813419989294;-0.0345104577736205;-0.0209423829876225;0.024495721071516;0.0598662508029542;-0.0462727176049144;-0.0626939907272788;-0.0737125107436823;-0.0820423874058254;0.0688832610405932;-0.0213635031984193;0.0715567181625105;0.045617974626293
31/01/2009;-0.0786559003719181;-0.093472968031222;0.0148170676593039;-0.0758397533382824;-0.11720311783939;0.13923526416581;-0.128571374028433;0.0466947738986889;-0.229094396082849;-0.0678555168172648;-0.113907299574611;-0.0265261457156113;0.19249992108112;-0.208959672650274;-0.163723930784124;-0.103935526585932;-0.131313208078517
28/02/2009;-0.136342594202781;-0.0889060401192841;-0.0474365540834972;-0.0912734534005584;-0.0827552555292798;-0.14921562113668;0.0197247132276503;0.0354743658620149;-0.399345085270919;-0.0596273296916217;-0.147982098578134;-0.00055995880867532;-0.183438073197588;-0.310630322902092;-0.0149711862215181;0.0601565411653109;-0.0616031645546549
31/03/2009;0.100186912084055;0.132588155009557;-0.0324012429255017;0.0388014372649255;-0.0779106268488825;-0.248713521139018;0.0530432921601582;0.00337403460944818;0.233474188649632;-0.0314399604641383;0.180701797241137;0.0980392170830624;0.0670088623381775;0.152838492961342;0.00935306985757323;0.0420890216495413;0.0506196392129585
30/04/2009;0.145191286869201;0.164673033250164;-0.0194817463809631;0.125567262508082;0.229067243999537;0.255707729747866;0.00995997483981559;0.214950749254385;0.408287280245045;-0.0143210210361879;0.208023787726552;0.0506802649813316;0.347449580618407;0.29853210924664;0.0467181857004966;0.213575772437865;0.027352603011171
31/05/2009;0.0553364306743307;0.0727618739731655;-0.0174254432988349;0.0372801876819648;-0.0276225746130901;0.0413636294278232;0.0598981330803694;0.0140515347511219;0.028638744838799;-0.0278121021734177;-0.109163625290223;0.0224991812417168;-0.0776786371943043;-0.0711029684535307;0.0289560984780048;0.0198640773962799;-0.0928188192885904
30/06/2009;0.0131856722049499;0.00458564230224715;0.00860002990270277;-0.0418622992160893;-0.0981487256615304;0.00480142344322143;-0.0068638742376792;0.0142767416454981;0.0213577215670693;0.0612683929404712;-0.0749050786236514;-0.0368845667863714;-0.140755087407665;-0.0647693658026584;-0.0450797517185283;-0.0705620594490568;-0.0826602372101819
31/07/2009;0.0944623192479368;0.0819491493063767;0.0125131699415601;0.0910159351740409;0.0599894115315451;0.16246740646162;0.125172772442628;0.324156548627578;0.107542944998591;0.0700682243094022;0.11511198058376;0.0826759135663839;0.128323562563166;0.194123813300956;0.141435938650361;0.163419101843579;0.0581157887339425
31/08/2009;0.0334879300184188;0.0417811195503602;-0.00829318953194142;0.0663316137478105;0.226043400969173;0.0807174823967618;0.0162434771834634;0.0236047673031119;0.0708024098041244;0.00757072237870915;0.158273428588223;-0.00273265974905579;0.29006493819208;0.103339140522583;0.12941948288364;0.0537209903096203;0.102357776477166
30/09/2009;0.0468804560984511;0.0548199945971257;-0.00793953849867455;0.0388307973992477;0.0359476618353471;0.0612033351692334;0.0443250087585565;0.0537569437721426;0.164987379299396;0.0856841543330153;0.00389999465512614;-0.0561729685532838;0.105263198238334;0.129340600580894;-0.0106290529075402;0.0305893063554719;0.0641670670890382
31/10/2009;-0.0293567173948982;-0.0424391372666872;0.013082419871789;-0.0494597355885589;-0.141035719548196;-0.166829610626809;-0.0559484988129471;-0.0742029590997234;-0.0802702586061809;-0.00546378029270711;-0.0748200999747077;-0.0558064368463331;-0.0822828616365069;-0.0605077690155122;0.0253127490500589;0.0279353713832116;-0.105462228741789
30/11/2009;0.0695637989432988;0.056121103669042;0.0134426952742567;0.0200848637533566;0.0907421260140908;-0.0680484861902587;0.0544959499125739;-0.088290555734296;-0.0454122265059069;-0.0279575242722968;0.0306372976519738;0.104031367315461;0.0515069749902419;0.0876742384865554;0.0371753126934862;-0.0182590359188431;0.0145386051120786
31/12/2009;0.0588727341191706;0.0517301145754537;0.00714261954371694;0.0696113426298473;0.0732323284100591;0.182123380884717;0.0727390144464792;0.10182013767177;0.0422180866288431;0.0758603454806668;0.0992910659154775;0.0385270864765876;-0.103047906140256;0.050931934199957;0.0794353403553465;0.130046086558428;0.0836373603789651
31/01/2010;-0.0357108162364602;-0.021304099104809;-0.0144067171316512;-0.0500136201182791;-0.0431372487973207;0.00816469796284736;-0.0727448675409422;0.0517375441956329;-0.0931076680946027;-0.0323371953541746;-0.0179821219771076;0.0530392939945914;-0.0744336429553656;-0.0845810676783614;-0.0198718339968951;0.00880329759613718;-0.0935320579480674
28/02/2010;0.0408801792865564;0.0349256698435098;0.00595450944304665;-0.00819902136395345;0.0148907377595306;0.067253516657299;0.139238918442088;0.0142240303732919;-0.0143333435058594;0.0363132121895802;-0.0550741178499355;-0.0411717446000823;-0.04545459267425;-0.00946909701021859;-0.00562459545246152;0.0067029060496071;-0.0185677164890676
31/03/2010;0.0465565634928933;0.0743977271538143;-0.027841163660921;0.0715082930990845;0.102705580604732;-0.0171560065845376;0.0133394061382044;0.0863406967798659;0.113966823356939;0.0384167097059842;0.101183492924244;0.0531211797431583;0.186813264549031;0.031286153013782;0.0242042100570519;0.0871859619904707;0.0710810931531813
30/04/2010;0.0371605549753678;0.0297180890674299;0.00744246590793788;-0.0395117322667515;0.0495605793165186;-0.0580732257944725;-0.0118136667229732;0.0310651145979668;-0.0831814808136585;-0.0049326774334647;0.00671681869427077;0.0323665051099411;-0.165123440516293;0.0509832168314737;0.00577956517742906;0.00346655210526414;-0.000756965636077633
31/05/2010;-0.085725382749494;-0.0734859091898353;-0.0122394735596587;-0.0810664771016665;-0.0976971846042306;0.161083480083399;-0.0292675807412561;-0.0543889359170791;-0.108940424914318;-0.053177119277879;-0.0700560425535727;-0.0849620264698985;-0.179574898081348;-0.161031708631564;-0.0247732712615674;-0.00713951109319633;-0.109343471722913
30/06/2010;-0.0619764781983143;-0.0612675925310641;-0.00070888566725019;-0.0184373652725287;-0.0139210979860567;0.0356046587543901;0.0457335519431459;-0.0849655393392759;-0.0527684906854619;0.0518800638131121;-0.083799738308164;-0.0287747680910693;-0.0272614714681479;-0.0157693195766039;0.0602330536687976;0.0416376280104784;-0.0464984185705705
31/07/2010;0.0867837887628413;0.0692372850119461;0.0175465037508951;0.0581633471438285;-0.077935628601422;0.0776526022983832;0.0348670269074651;-0.00663247953190649;0.109847044705813;-0.0262443399861825;0.0148786938189476;0.0789553742195688;0.21713963793736;0.057290837725781;-0.00555767038227062;0.0424229516931294;0.0969373117487886
31/08/2010;-0.0301899793532136;-0.044749644797157;0.0145596654439434;-0.0418182825825588;-0.0259505318705646;-0.0448295115718776;-0.049901596784048;-0.0737481212019742;-0.132909158967828;-0.0147537667918911;-0.0112654833727479;0.0142958544149572;-0.0537583484014538;-0.110975046637052;-0.0250868942782096;-0.0197607995005444;-0.00189764095277856
30/09/2010;0.0827393814422672;0.110624026463306;-0.0278846450210386;0.0642805468295617;0.106361043383556;0.053556021735317;0.0905435469539886;0.0865006446473238;0.0456583326756492;0.0346657531663652;-0.0171686979765969;0.100055788480743;0.152840639650551;0.123622590888706;0.0507006797061604;0.172496484800195;0.0890821817429024
31/10/2010;0.047346713766449;0.0345868822308325;0.0127598315356165;0.0318477356511573;0.100056013456902;0.0322492566344612;0.0385518181502202;0.00195987611725679;0.0198830501546439;0.0364670278000356;0.0057170176810033;-0.0161106716093038;0.0270387958117806;0.0285013875186335;0.0227933702340219;0.0464684021459587;0.0221944783163146
30/11/2010;0.0034794534449115;0.00735021031623415;-0.00387075687132264;-0.0581870506309509;0.105209518346085;-0.0860471263068772;-0.0294813984730012;-0.0534232744077758;-0.154434213751663;-0.00769633678259773;-0.0292120990893637;-0.101211948442761;-0.198216587980788;0.0284564355565691;-0.0288051243195179;0.0377442278649478;-0.0829471139269217
31/12/2010;0.0796991690676663;0.0694238003401095;0.0102753687275568;0.0665625442493225;0.0247198016005916;0.0292583519159848;0.0609756003538402;0.282988843209892;0.137884227908838;0.0583933146046138;0.0530253471991913;-0.0965428149565903;0.0169474314821154;0.128784579847257;0.0289271663341164;0.0556268727845945;0.0915137780845576
31/01/2011;0.026456954365188;0.0163863555650533;0.0100705988001347;0.0401842726739527;0.000899088850898178;0.184914154814227;-0.0467084632871582;0.00780668641342741;0.228446562676635;-0.0789362808952749;0.0506641780588082;0.136392508971474;0.123841147998434;0.0862423174873912;0.00593119788730045;-0.0753951806842902;0.0204727898700916
28/02/2011;0.0304556291064123;0.0313856472271506;-0.00093001812073825;0.0261765316829983;0.0202095570725511;-0.00427554184559953;0.0282801245316999;0.0314766953761727;-0.0155239178865442;0.0327346799673769;-0.0148484939235717;-0.00572860185081847;0.178869429863203;0.0237476624613053;-0.00660383452635582;0.00175359002972963;-0.0131359642563265
31/03/2011;0.012746810550636;0.0063869230799628;0.00635988747067321;-0.0294792811163986;-0.0695524808853725;-0.0200380814547101;-0.000532938863326615;-0.0135892295779841;-0.0312089601272033;0.0146379245225667;0.0113412807613682;-0.121978691303734;-0.0896226492217892;-0.00276973871371311;-0.0242165356987114;-0.0223195015471144;-0.0246853173700865
30/04/2011;0.0278998433816359;0.0247711720290649;0.00312867135257105;0.0295148356935486;-0.0537770045043027;0.0170398470555331;0.0652730269854147;0.00555890407388926;0.0274669200484592;0.072892949807374;-0.0079678054547766;0.0246478411029605;-0.0293610194733811;0.0793886984311756;0.0414842310061947;0.0854968962638643;0.0513646524531937
31/05/2011;-0.00273220687351902;-0.00234030052221981;-0.0003919063512992;-0.0243442731708059;0.0606666564941407;0.0952608822049206;-0.0335402440329693;-0.0231943284885396;-0.0204620114685162;0.0302294788501252;-0.0450692586255674;-0.0384254201619334;-0.055160108798032;-0.0152244365130282;0.0212591949754541;-0.002886585353576;-0.0844936605050058
30/06/2011;-0.0199886876411549;-0.027506068452853;0.00751738081169811;-0.00617178715687738;-0.030955393456895;0.00874129240714328;0.0239303716082442;-0.0413385775757547;0.0559299134212821;0.00981354254195987;-0.0556074151063445;-0.0799220577304472;-0.0235405045698056;-0.0276537937694468;0.0243623155207959;0.0264681299243592;-0.0113431500894559
31/07/2011;-0.019556876534446;-0.038374356492533;0.018817479958087;-0.0777055816849499;-0.00210794968830452;0.0485268996072663;-0.029239163111404;-0.0133469886874119;-0.163369521834882;-0.0320700000274332;-0.129473893295816;-0.27259884874806;-0.168948859406607;-0.0952860232837065;-0.0619695798755717;0.0310233563373004;-0.128813534794027
31/08/2011;-0.0619910359874698;-0.0754575893830192;0.0134665533955494;-0.113268733831235;-0.185895389522488;-0.0851240210060554;-0.0620115132320201;-0.0757024054571237;-0.148741408110713;-0.0562248851396934;0.0250094680817232;-0.0990291688228502;-0.208517095165282;-0.139727728825645;-0.0978455066263846;-0.0781555313678136;0.00508827095735587
30/09/2011;-0.102130889422259;-0.0886274659149787;-0.0135034235072806;-0.0843783539481318;-0.195608773164388;-0.0422312326882692;-0.0224444315661368;-0.0828877454473954;-0.112903247859275;-0.0170212603629903;-0.078188533485075;-0.0765086270018298;-0.233250215755306;-0.169328155604082;-0.031798438224001;-0.155150452698982;-0.0866586985147031
31/10/2011;0.136138481036322;0.128752962039222;0.00738551899710082;0.0874861266987323;0.178908169254808;0.00778122688615923;0.0655831179385915;0.0747276615353645;0.188888980938265;0.0887445542513934;0.0892320204180777;0.121937002742843;0.0852771960733483;0.166955235447218;0.0876260635847363;0.20672351388546;0.0596673394756477
30/11/2011;-0.00087105233626048;-0.0177990844951231;0.0169280321588627;-0.0272045393272875;-0.128604441412599;0.0386054666912412;0.00224000496325272;0.0328384008065568;-0.08920986830058;-0.0249504715018979;-0.10732691548437;0.0270411060916333;-0.162438481243415;-0.0678242218226736;0.00639020363151932;-0.030353443042652;0.053538441544311
31/12/2011;0.00671796013239666;0.00101902735539517;0.00569893277700148;0.00164518744363962;-0.0538648133995752;0.088082899328084;0.0173477658290475;-0.0624827286135345;-0.0629664341344227;-0.00968479837596303;0.00412449868672615;-0.108101277411739;-0.0828775284878028;-0.0554051817568681;0.00473104151969328;-0.0617495458187352;-0.0116822520393809
31/01/2012;0.0371723771400485;0.0767920899578806;-0.0396197128178321;0.0439076994065017;0.186111852343843;0.0633540667003381;0.00659066239824413;0.132999124595149;0.155301090502125;-0.0285155101963238;-0.024234962794361;-0.00936696056330621;0.0805047083871007;0.146805980375238;0.00755886782427995;0.129798873402055;-0.0543734344514937
29/02/2012;0.0277679301366833;0.0523263933549828;-0.0245584632182995;0.0466568340833349;0.136461478207536;0.0617211474157655;0.0136146104001273;0.111920841791536;0.0430848789075995;0.076189409799208;0.00526205028061844;0.078509964010683;0.0203777390315758;0.0476190155816141;0.0528840632255478;0.0218446974997499;0.0074999437880241
31/03/2012;0.0161622861617657;0.0381563241044419;-0.0219940379426762;-0.00829552722941096;0.0140151835068094;0.126169103651756;0.0249154576791211;0.0122893574178848;0.0268484737901453;0.0299330542399181;-0.0397821980308781;-0.044899007813846;-0.0305803690765812;-0.0604657355836765;0.0803644107507;0.0201900474278913;-0.146402063926358
30/04/2012;-0.0002879531378677;-0.012580605544131;0.0122926524062633;-0.0616301740325783;-0.0252148349968899;-0.0286598001287468;-0.0279111901096795;0.125101127431697;-0.13917944114533;0.0162524340577053;-0.105102477773109;-0.155771912729491;-0.166738215895192;-0.0549499811572072;-0.0172991513793499;-0.0287155948961633;0.0148983396963509
31/05/2012;-0.055063450084936;-0.0690440125891419;0.0139805625042058;-0.060940623782023;-0.0808583544174729;-0.0923722044473038;-0.00752110645021131;-0.0910491816526592;-0.151308365426257;-0.0237065305749233;-0.0492202829605545;-0.0810543973937888;-0.255215079508291;-0.0955917072135207;0.000330055886217595;-0.0459448656004291;-0.033632047278419
30/06/2012;0.0340962728725385;0.0337745128678335;0.00032176000470497;0.0595423588243515;0.0289764301496105;0.0321389305150137;0.0294958545259263;0.0654607124591329;0.154057831035298;-0.0554056664832711;0.0866222713598848;0.0430262025529065;0.200207385488307;0.0167714719832686;0.0145182547449179;0.00376881861383094;0.120214423871183
31/07/2012;0.0125376197520325;-0.0122681594243702;0.0248057791764027;0.0297217439094486;0.096636961077414;0.0472440826626039;0.0103275621491126;-0.0286502966600269;-0.0505724958131147;0.00948689499904587;-0.0318396754772375;0.00275008330307402;0.00576223295764433;-0.156013775120715;0.0583261600976868;0.0225281986817858;0.0567327996228848
31/08/2012;0.0187784910025297;0.0445036999875145;-0.0257252089849847;0.0368841737882324;-0.0685387553290714;0.0362269124282537;0.0282479900701316;0.0170417147102979;0.156783964775967;0.00141470686078859;-0.0365408045768191;0.142612332666448;0.32855914893617;0.110545611222541;0.00122920624678735;0.0591595252505872;0.00840877178945676
30/09/2012;0.0248700281529651;0.0276718445668898;-0.00280181641392462;-0.0170667460184901;0.0295517995354573;-0.186510515706312;0.0309994624469878;0.165198808849165;0.00695047107864633;-0.0330978691200829;-0.0391908790634846;-0.0315032401462243;0.157826502598346;0.00219979713222873;-0.0151421706556807;-0.0986132723483358;-0.026619578466813
31/10/2012;0.0024244173807779;-0.0211406620983288;0.0235650794791067;0.0221919356790672;-0.0726257073559136;0.111291256030593;-0.0565059746441468;-0.0448008940077312;0.0582398776400486;-0.0101231603401426;-0.0234210365696957;0.154894677480806;0.0815643805732236;-0.00530450174762964;0.0208808899047324;0.0717948848365719;0.0401976809331392
30/11/2012;-0.0032628896831788;0.0239855979888066;-0.0272484876719854;0.0373286469238496;0.061071925190727;-0.0554542307999021;0.0319780223796378;0.0536575251447351;0.0301671320996346;0.0284660476654977;0.0231743626032621;0.0185086497854028;0.00361569807552686;0.128356002301165;0.0618703779256073;0.0757575139952844;0.0465631516781309
31/12/2012;0.0189424706236742;0.0210230549961144;-0.00208058437244019;0.0177017187807875;0.0334768798585485;0.135380500221898;0.000851902970010254;-0.0435977122815759;0.046695697815599;0.0119938301624094;0.167237247036452;0.0147484208741193;0.0386001289041087;0.0456323830493157;0.00431245408928604;0.0214974743253047;0.0272396952057679
31/01/2013;0.060556703778663;0.0775434996345488;-0.0169867958558858;0.0310337953611628;0.0892214245650313;0.177240993479781;0.00159589745942457;0.0319862475311827;0.0313799584032153;0.034035662163737;-0.0564079426266773;0.0890215523966953;0.202510746835985;-0.0533042672761304;0.0438931139329193;0.007619760729348;-0.0695344885666186
28/02/2013;0.00725861729637401;0.00990245067211056;-0.00264383337573654;-0.00257195986847825;-0.0389565509298574;0.132206352361182;-0.00998509949375559;0.0558648583768713;-0.0245601194805664;0.0421237788521978;0.0349115039485126;-0.00476646251914392;-0.0109889908075913;0.00609151994831003;0.0470749675872779;-0.0500541008392169;0.0208993231823225
31/03/2013;0.0421929314588761;0.0455782956709242;-0.00338536421204805;0.00226159599113629;-0.0191820049002915;0.013272089170836;0.0169527647728211;-0.0562488936406996;0.00789173542487509;0.0204925771898883;-0.0221811254979026;0.0227490613295738;-0.107500030776644;-0.0535100707757112;0.0798777272170834;0.0151630029761003;-0.000310104741248707
30/04/2013;0.0129405354930942;0.00822529629312055;0.0047152391999736;0.0335877710761707;-0.0738007369685333;0.0102014803907748;0.0141379703380253;-0.0156453926466626;0.0600298519265927;0.0687177528762031;0.00141780183657114;0.053617442393247;0.0816993227336931;0.0530774496321791;0.0945836478325672;-0.0179237789834387;0.0673284974823731
31/05/2013;0.0134487449396221;0.0381990189425986;-0.0247502740029766;0.0238128185364945;0.10358567099422;0.108340637583781;0.0336038618696743;0.0666035867849577;0.0995427327938101;-0.0218927198726532;-0.0290231125822629;0.0140000237358942;0.0497770384193763;0.101297028387773;-0.0372968096056899;0.0391634516842918;-0.118023269710924
30/06/2013;-0.0208803151460337;-0.00961035790972827;-0.0112699572363054;-0.0531025432151817;-0.0240072526069048;-0.0761530276294785;-0.0450931371875664;0.0115309603964544;-0.0342290366919327;0.0162142781411736;-0.0469015852639038;-0.0738549784724174;-0.095107632014254;-0.0727489704070944;-0.0314538236404812;-0.0889132414135948;-0.0408701392572467
31/07/2013;0.0516422982034964;0.0760099733488574;-0.024367675145361;0.0678754062714766;0.049010570387197;0.0930232514932963;0.0517550726143468;-0.00894424550459116;0.0980457416183906;0.03017692825306;0.120346691970889;0.0918126176578244;0.0870817662029588;0.120578715326503;-0.00237626179610151;0.0975903124215614;0.103780110431183
31/08/2013;-0.0329911670030332;-0.0173681545774539;-0.0156230124255793;-0.014754441986203;0.00863889021904107;-0.0285172959153884;-0.00270591280393395;-0.00548574860872741;-0.00542987320936505;-0.0515151733111969;0.0771507353276313;0.0266579878306692;0.0650597941378821;0.0140603070278658;0.00238192186603303;-0.0300035933249466;-0.0445204899211588
30/09/2013;0.0385545500163146;0.0516019289248622;-0.0130473789085476;0.0532973146815354;0.0746373103670017;0.0800367323725422;0.0345693049686453;0.0272242464480861;0.0388231341190584;-0.0124245786482714;0.139868976880985;0.0713532012735629;0.066187038803377;0.0357951155683796;0.00554453028310653;0.0984534345628199;0.108178583887215
31/10/2013;0.0452699415438512;0.031308297091665;0.0139616444521862;0.0377585285475146;0.0740077955585332;0.0746363583934515;-0.0257405821460017;0.0892083860980664;0.0744525324689211;-0.018332143582903;0.0672845415529417;0.0632512134871459;0.0915225715443446;0.0584619428059061;-0.00630165767305568;-0.0260989209647159;0.0993825111678344
30/11/2013;0.0216219259355456;0.0237564007203089;-0.00213447478476326;-0.00108844078161063;-0.0219596694691568;0.0326022069014589;0.0229311522322582;-0.00922396695262939;0.0480978395233536;-0.0208714648835878;-0.0357763339316185;0.0733876788669585;0.0374283239631636;0.0101948759492314;-0.0237812125542033;-0.0215091889006839;0
31/12/2013;0.0267994397508835;0.0328407519805647;-0.00604131222968116;0.000172339508832442;0.0622483203636781;0.0679296434323664;0.00194937155681352;0.0560193208434683;0.0479647002530141;-0.0216903488657659;-0.0122478440124129;-0.00517954500249618;0.00812573619399526;0.0213336509323885;0.0369467752008688;-0.0443242803350226;0.0246055034769186
31/01/2014;-0.0255116916324205;-0.0174217362223815;-0.00808995541003901;-0.0303145927089308;0.031632627073074;-0.0573374069915519;-0.093385221387133;-0.0136799359237305;-0.0351310794970866;-0.0633600658647734;0.0353756130800711;-0.112981576574289;0.0732939000864765;-0.0252657500959519;-0.0446358424781517;-0.00339375706121725;0.0409814720318757
28/02/2014;0.0446689352346941;0.0523462708989571;-0.00767733566426304;0.0581795825887794;0.0463474150667882;0.0148260553173878;0.0703862373652855;0.0856835119427342;-0.0287179213303786;0.0443832096654253;0.0288833995228337;0.0455879082084283;0.153499604879561;0.116386496333965;0.00614754098360648;0.0204314213525141;0.0388665968109165
31/03/2014;0.0145935403787539;-0.0120770529311173;0.0266705933098712;-0.00376129240647838;0.00378121225871064;-0.0262220964073111;-0.0144346965201765;-0.068417314881758;-0.00395991345431002;0.00293086215288163;0.0364601358246446;0.051459582160722;-0.00651046345669148;0.00804594193381836;-0.0248472753707357;-0.0215054432629932;-0.0238956334473247
30/04/2014;0.0150578584631989;-0.0328490144679726;0.0479068729311715;0.0218353949035068;-0.0517960228612908;-0.0480861688649541;0.0486168225018537;-0.0518055871621845;-0.00477074761091056;0.0356516257759079;0.07068542771136;-0.00231353010491397;-0.00786373551709185;0.00387689827954962;0.0359231675972149;0.074270581875056;-0.0435214557956346
31/05/2014;0.0111405618054327;0.02522453293555;-0.0140839711301173;0.00717113656704038;0.101447127638097;0.0630430152772108;0.0363724561938992;0.0589747567651426;-0.0354193886386224;0.0276523932453452;0.0505938406086193;-0.0485194640398106;0.00792606398798501;-0.0505452581935615;0.032258064516129;0.0296296081004739;-0.00517058735852272
30/06/2014;0.0308626605131313;0.050546113716909;-0.0196834532037777;-0.0214024750653057;-0.0212545917153402;-0.0697586379217884;0.0150678384379284;-0.0767829650572106;-0.0361678997554044;-0.00713892333925037;-0.107620052347212;0.0101237516682149;-0.100043637904214;-0.0141164341126592;-0.016796886920929;-0.0352860157873843;-0.0712058619072864
31/07/2014;-0.0314206016396604;-0.0219032169147676;-0.00951738472489282;-0.0399516404106172;-0.0471176845601967;-0.1140171265414;-0.0363083033684235;-0.0407626898031986;-0.0151818614039944;-0.0027655147720701;-0.0284633033396112;-0.0412026944449498;-0.0174758151579241;-0.116005396956241;0.00437030638399971;-0.0866477037202726;0.0503637802667316
31/08/2014;0.0435276411936661;0.0551764960193841;-0.011648854825718;0.0317700071123879;0.02154692715077;0.0794510988544999;0.0233634446619715;-0.00514049568169317;0.0965677600837325;-0.0175633344473932;-0.0538526730950399;0.0214866553161086;0.115118643895296;0.0605353981397263;-0.00316456899564999;0.0268273466912992;0.0546084946181422
30/09/2014;-0.0470464219518311;-0.0322760627640694;-0.0147703591877617;0.00803466642592765;-0.0504326091632166;0.0644161813906672;-0.0068901017829629;-0.0118842827333245;0.0350132537960537;-0.00263453878916886;-0.0812600176771996;-0.072958162884608;0.0584847145334815;-0.061998456938705;-0.00238097660125247;-0.0253692239764854;-0.034099619802082
31/10/2014;0.0126277779881402;0.0432098283671378;-0.0305820503789976;-0.0414720171242948;-0.0457070562499164;-0.0445604422782395;-0.00331370666926922;-0.0397420418750543;-0.0563813617921608;0.0230188909566627;0.0734462596645682;-0.0445624810317836;-0.0125575630628677;-0.0549193223388078;-0.00477325766657055;0.0516706240323206;0.0185670441724315
30/11/2014;0.00124593313251349;0.020737204513759;-0.0194912713812455;0.0371100869175238;0.132050231972538;0.0293067332454244;0.0514285838078128;0.0370303778843897;0.0545899552658882;0.0466617248678858;0.0981851179170727;0.0887889936275623;-0.0415430857550491;0.0786976136335915;0.0967226108849568;0.0676024638631081;0.0516046762916942
31/12/2014;-0.00086787311951593;-7.57175869792594e-05;-0.00079215553253667;-0.0267483727499528;-0.0156847554807801;-0.156036342982518;0.0163043858987624;0.160511113372082;-0.0108164296635875;-0.0405286209173664;-0.00908939435327705;-0.00569858359216902;-0.048208763425087;-0.0462912600986473;0.0153061672757022;-0.0847750865051903;0.0102539460814659
31/01/2015;-0.0355660812716566;-0.0282450839871232;-0.00732099728453336;0.0775846936984377;0.187064825436736;0.141475272181197;0.0889645315303444;-0.0108597643778185;0.0859151067474655;0.0940312003699662;0.0558706194124323;0.100592891424515;-0.0181225692707502;0.0766392505825182;0.141780327116445;0.0850661625708884;0.01667463032177
28/02/2015;0.0529457641836444;0.0855671913222353;-0.0326214271385908;0.0754151013669435;0.0564015782734126;0.172245782557249;0.0544642970175961;-0.0291247241945011;0.087988541457648;0.0463320824302484;0.119254447532609;0.0617705607153027;0.18977751659957;0.060769846734255;0.02011943971608;0.142160236212435;0.0370810560552446
31/03/2015;-0.0184365008775171;-0.00427384615851112;-0.0141626547190059;0.0165930502746821;0.0374800008439993;0.0923549001725541;0.0143945359397732;0.00942356925759413;0.0337152653875075;0.00465260857229088;0.0313293988368781;0.0515812477924207;0.0879077156577814;0.0164036246402419;0.0560863242127312;0.00152532037406838;0.0600503594269561
30/04/2015;0.0109053414100613;0.00644051274170859;0.00446482866835267;0.00255284392750155;0.00843968365497294;0.025810744684591;-0.0250417308515199;0.0868212017787229;-0.0358132660550086;0.0301821021492121;0.0106732178400879;-0.00964938036629681;0.0168190086663085;-0.00476830156844266;-0.0052524605965274;-0.0459944445549593;-0.0307026589966284
31/05/2015;-0.00368070534483524;0.014331914611222;-0.0180126199560573;-0.00764889970326688;0.018473132236994;0;0.00428085072881745;0.00257695929429613;0.0132655824649759;-0.0306929668480289;-0.0292445659932292;0.00373497134455003;-0.0222941953470642;0.0425061304620817;0.0088002348304852;0.0354405336951271;0.0345750590961407
30/06/2015;-0.0382677895540235;-0.00387583425179768;-0.0343919553022258;-0.0434693923914401;-0.0926946579330143;-0.0612903102751701;-0.0328218399151159;-0.0435527623140999;-0.012437344244993;-0.0726051045811508;-0.0645745808993577;-0.0707005767592552;-0.0187568576320974;-0.0509073728936227;-0.0694969302723465;-0.0308356471674737;-0.0243639120850427
31/07/2015;0.0118856560394876;0.00956398163357982;0.00232167440590776;0.0610433084310109;-0.0131433888819651;0.109965594970525;0.0449536768835812;0.0349358442786605;0.0605391467096719;0.0638040496835526;-0.00357831914211337;0.0882660135104307;0.0753373274665341;0.0718897547766366;0.0646875381469727;0.0862233762521383;0.0579004889997379
31/08/2015;-0.0426409223719695;-0.0752150748294296;0.0325741524574602;-0.0845352445940772;-0.0536094123931596;-0.100773970205914;-0.0986925338681675;-0.0229370950335107;-0.0635416507720947;-0.102123510736033;0.015711437881113;-0.0727883436127558;-0.157546187839026;-0.0509672354054803;-0.10361026429637;-0.129174009642446;-0.0789638763846479
30/09/2015;-0.0418095726556108;-0.035177805513527;-0.00663176714208378;-0.0424806086360279;-0.0122989705008766;-0.08917197954156;-0.0112307146350942;0.0119592525431989;-0.0373748671114799;0.0185953925012927;-0.0651148843221668;-0.0876466200241598;-0.151427389020463;-0.0550470172028739;0.0153896931924116;0.0238816225867451;-0.0415058911900464
31/10/2015;0.080748203466451;0.0673337433986687;0.0134144600677823;0.0992909806789111;0.0833334170691085;0.197505212494356;0.115948933791792;0.0585059763142586;0.124335590737206;0.123892270565763;0.0861960494739673;0.122163369023981;0.123354531396172;-0.0136915213596445;0.0709448551015381;0.114323321315115;0.037150859445829
30/11/2015;-0.0121138061956658;0.0223356359107276;-0.0344494421063934;0.0122384852141608;-0.117153025091078;0.0801767958036403;-0.0203562651476886;0.0680909516294703;0.0528263024505176;0.0460495503969276;0.0338024346545627;-0.0165149905580778;-0.00868056063007183;0.0955998296674738;0.00933455599681432;-0.0639740902892026;-0.0905771511971069
31/12/2015;-0.0300403432565945;-0.0357689840244487;0.00572864076785415;-0.0565717192619247;0.0085127732668604;-0.0856224488794912;-0.0909090744972177;0.000645264676308877;-0.0122999034186002;-0.0496004948696838;0.0300308633945494;-0.0707676666367731;-0.0459720494545939;-0.0393258519186203;-0.0611575156725784;-0.0730709045890748;-0.0065228098318274
31/01/2016;-0.0627045417030469;-0.112597523513578;0.0498929818105308;-0.0556152070675366;-0.131082396705799;-0.0760626717314726;-0.0931428863062863;-0.0617746181131692;-0.0998220838471814;0.00650380459165123;-0.0173025101642971;-0.0326387695501478;-0.155943082107169;-0.0559910395199206;0.00127103235134673;0.00713559697798183;0.0116161579487821
29/02/2016;-0.00363517697817742;-0.00887217403891744;0.00523699706074002;-0.0143694650608547;0.118571472167969;0.0338982894295674;0.0100819533024936;-0.075601322689662;-0.108695666741888;0.0122931849427137;0;-0.0699580296033893;0.0424097063366002;-0.057071328249685;-0.00983816579964525;0.037786816591308;-0.0449327495676571
31/03/2016;0.115574266281873;0.0785710557946325;0.0370032104872402;0.00723783012022117;-0.0487867119532438;-0.0239210494208143;0.0281763331852267;0.0643866106574933;0.0194629443842704;-0.0267788408143484;-0.0059614629356638;-0.00881328749963062;-0.00709365008702534;0.0827508819287757;0.00929485223232174;-0.0214564563477107;-0.0339780072264082
30/04/2016;0.042626284589671;0.027721380809914;0.0149049037797569;0.0100112431203117;0.0388023531067605;-0.0640959376447673;0.00111235666850495;0.0853590377707449;0.064040542358119;-0.0214365731653891;-0.187726580790397;0.023366440319551;0.014814114977485;0.0326620037335377;0.00635122273345434;-0.0358803581161753;-0.0930736028157476
31/05/2016;0.00197039038666151;0.0268174180037113;-0.0248470276170498;0.0173088393045153;0.0108568735694885;0.0258194439050206;-0.0249495093524328;0.069120825299855;0.0256643447523002;0.0312245172352978;0.00274725004809317;-0.0159628387297283;-0.0656383890492771;0.00312539075730167;0.0659513862386232;-0.00723640942515691;0.0638424672102091
30/06/2016;0.00277598209403426;-0.0198974631313353;0.0226734452253695;-0.059512371159717;-0.112901188267726;-0.0765798086481951;-0.0255879152841233;-0.102696851345763;-0.211470311544029;0.00523142052597336;-0.111986314120716;-0.0878850621548903;-0.162326864881717;-0.143693906857679;0.0183540924543524;-0.0558833938300259;-0.0521592818845465
31/07/2016;0.0417243036549848;0.0605573236709613;-0.0188330200159765;0.0477477366400723;0.0788411853163291;0.0173980578744075;0.014139902234386;0.176304830595462;0.0238696562637521;0.0862639555144094;0.020439597881188;0.00877990140527207;0.0476191599041558;0.103187368094251;-0.0101744186046512;0.127941131591797;0.040532603164126
31/08/2016;0.0061842145860064;0.0190065334466952;-0.0128223188606888;-0.000358088235536735;-0.0956579315788546;-0.00646019657396268;0.0308208398309164;0.00615953959223492;0.0323642439606728;-0.0111788134984021;0.0744520517334095;0.00736438308957776;0.0719696401311669;0.0374669686484237;-0.00528630776202277;-0.0110821187476016;-0.0116577056633046
30/09/2016;0.00691691027536339;0.0206105781554216;-0.0136936678800582;0.00226206684104424;0.0432855695006371;0.0296423639304293;-0.00339148812502033;0.0874050503151884;0.00637624023269256;-0.0302451554857374;0.0374604475070557;0.0219318053135336;0.0339222696454449;-0.021617458817859;-0.00738116300530822;0.000659236028526466;0.0327962729195974
31/10/2016;-0.0278865598302847;-0.0456774812177611;0.0177909213874765;0.0137132279169918;-0.0205324910966093;0.0057578263821032;-0.0290204888183135;-0.0135529648561539;0.0842132665459217;-0.0449659513017098;0.00711981957950392;0.0359852549095103;0.12007287872545;0.0513386641916254;-0.0300416589434745;0.0905797083239306;0.0261838489528472
30/11/2016;0.075552067484479;0.0791373670323613;-0.00358529954788226;0.0153196049275341;-0.0333959465048945;0.113019367671854;0.0366854224477269;0.0307546017732887;0.0825419872130084;-0.0589727506772478;0.0772597233525802;-0.0742833054834097;0.0831977454726178;0.0118679576179539;-0.0122661757900435;0.0371488600610996;-0.0233441624499082
31/12/2016;0.0266609227215989;0.0117151405299699;0.0149457821916289;0.0620247130040825;0.0598265025947473;0.0426414414352831;0.099604549164275;0.027888798180232;0.0789474180951188;0.0141509458212743;0.063906192779541;0.0348100597288099;0.106103243862312;0.0813684030087685;0.0766842012462277;0.0564938679129166;0.00361317376470205
31/01/2017;0.00742882235628172;0.027280153340046;-0.0198513309837643;-0.0233243365567682;0.0585662078765585;-0.00127310361012778;-0.0534785335483142;-0.0175560574481474;-0.0527413493769566;-0.0367109477818011;-0.011455409329532;-0.0102664355294479;0.0411715138697148;0.0281323896019914;-0.029123344698521;0.0286659999007421;-0.061755833684768
28/02/2017;0.0158640496031042;0.0328995827384849;-0.0170355331353807;0.0230959123242667;-0.00679912173984776;0.104525199947946;0.0189999972582244;0.132094569925473;-0.0198062882566338;0.078806683265215;0.0806715272935337;-0.00507613187520017;-0.0709335325508522;-0.005934075994806;0.042768023090032;0.0152732623339011;-0.0168239927303259
31/03/2017;0.00608654771841377;-0.00499724459896752;0.0110837923173813;0.054322391162863;0.0483221271694108;0.0289959917062801;0.051030430490562;0.0399103003066785;0.0891333031971684;0.0191815364753893;0.0490789084364598;-0.0195208747198635;0.114523925819443;0.0642272564381556;0.0262033082583903;0.0865664260725953;0.0942659985271785
30/04/2017;0.00188719070448624;0.0161703137238201;-0.0142831230193338;0.0282713589873129;0.0715749561651713;0.0406561257736622;0.0326797236890948;0.0375162177653801;0.0105133406282574;0.00658723329201738;0.0115319736727393;-0.0214932295597606;0.074803118291225;0.0293965090862867;0.0149875786761486;0.100315731281058;-0.00054870521607675
31/05/2017;-0.0214360862468699;-0.00413920406737012;-0.0172968821794997;0.00309450982675119;0.0100369974117127;-0.0156271535720067;-0.0189873150412405;0.0615128849406881;-0.031415767057249;0.0296042617146215;-0.0120481963435839;0.0749133336061687;-0.000732644743045463;0.00454091407230672;0.0415640721413157;0.00286973022730419;0.0598407907362988
30/06/2017;-0.00477599191866472;0.0370374862966848;-0.0418134782153496;-0.0308404847889366;-0.028865520840441;-0.0146434884260717;-0.00276498636084821;-0.0375880910132222;0.00884587168685536;-0.00408602095912847;-0.0317336182867758;-0.0471069555246029;0.0326247069958827;-0.0601708217934434;-0.0422683285941219;-0.0389609997029524;0.00958309431249393
31/07/2017;0.0179992509031968;0.0141882949600475;0.00381095594314921;-0.00525519175700018;-0.0434888519196632;-0.019444465637207;-0.0415896029136739;0.0451586044208205;0.0421711185536198;-0.0413310668122137;-0.0182827538065349;-0.0832956814956782;0.0543130556857707;0.00235144534463405;-0.0400218642392699;-0.0256527990161681;0.00410467040612938
31/08/2017;-0.0200737425455431;-0.00137548021685463;-0.0186982623286884;-0.001605917768153;-0.00916955708214706;0.000141673320773972;-0.0110897027378389;0.00895294534269508;-0.0234374641798997;0.0485021614501533;0.0510415876213728;-0.165722714629087;-0.00269356447565328;-0.0173810756518992;0.0128497996663111;0.0354960186181621;-0.0150742003788495
30/09/2017;0.0547047727623357;0.0457474509550465;0.00895732180728919;0.0480220038082479;0.080591213330611;0.138790581603835;0.100438787065486;0.0127314916037555;0.0498461601061699;0.0033257931311923;0.053944093432893;0.00914986861926326;0.0384874791363519;0.0943027093664375;0.0143782785746305;0.0599318817173311;0.111284145230628
31/10/2017;0.0119203599830645;0.0176337485518459;-0.00571338856878143;0.032548998662538;0.0190317411672312;0.0912821291332606;0.0653966047496934;0.0163809281878933;0.0132864458992004;0.0568027194071581;0.0265254940531581;0.0108219585096148;-0.0260078194226825;-0.00118995558850898;0.0619789301476532;0.0970229575984751;-0.00443517478811273
30/11/2017;0.0393160319613465;0.0310812152420685;0.00823481671927808;-0.0237130878208686;-0.0162250428312989;-0.00524215480880519;-0.0379689370015228;-0.0685906644315059;-0.0223679104080181;0.0111205986039971;0.0544704336667048;0.0217013880265533;-0.055073369212202;-0.0495432665140182;-0.0274797169125285;-0.0452948294691836;0.0487690149010027
31/12/2017;0.0196163782126665;-0.00380198691819058;0.0234183651308571;-0.0112101868918852;0.0204081780447964;-0.049146533056849;-0.000950987531896708;-0.0233400409886255;-0.0242603456356441;-0.0136774005322503;-0.00345139701660124;0.0218068656985697;-0.0250795134717955;-0.0393816373159865;-0.00457484440018463;0.00368095663183787;0.00245923727091824
31/01/2018;0.0322634498991353;0.0450246709953182;-0.0127612210961829;0.0318810734033061;0.066279034281886;0.114457831325301;0.0333174772416165;0.0465595015728764;0.0711542423874159;-0.00700497334020034;0.0337104372703398;0.0684589046744419;0.0996377096313348;0.0181600498648471;-0.0100026540970654;0.0293399037738704;0.053969751728606
28/02/2018;-0.0644787447682929;-0.0190849849553945;-0.0453937598128984;-0.0294494705750685;0.0359869483269495;0.0631350955447636;-0.0497467080810102;-0.145669254958238;-0.0239667940656011;-0.0534120232273657;-0.0694661732980226;-0.0168611601568271;-0.0685337759853865;-0.00149524077491447;-0.0330420690883945;-0.0241488755190918;-0.100719445442599
31/03/2018;-0.0120898510704097;0.00640786481298014;-0.0184977158833899;-0.0287925403373088;-0.0768421373869244;-0.0461662950498153;-0.0355792578177684;0.0239630481811552;-0.164733183617041;-0.000304131453481515;-0.0228036669807733;-0.110817957621231;-0.0657940850013585;-0.0831104590930527;0.0355831852198054;0.0150101296074734;-0.0117646611489506
30/04/2018;0.0114063872763451;0.00645022226749708;0.00495616500884798;0.0683529519599571;0.0688711644892299;0.0383795134008114;0.0861480272767394;0.00720076444134343;0.098148096965011;0.020690596554086;0.0378285666951714;0.0109791965432731;0.0325634267511519;0.0148156395821384;0.0845377664795333;0.156274945330295;0.0423809160604236
31/05/2018;0.0402683987915432;0.0537100263566511;-0.0134416275651079;-0.0221175795048003;-0.00128008448818062;-0.000924065358060999;-0.0245257234348948;0.0384272005171709;-0.100969587678978;-0.0253390526313395;-0.0641419901650333;-0.0945112809567669;-0.105864068158471;-0.0142544878057295;0.0339451837707569;0.0267888016834141;-0.0169027350699781
30/06/2018;0.00282529313134509;0.00629562989499248;-0.00347033676364738;-0.0138689460843748;-0.102328578829319;0.0303155343916273;0.0218216212419244;0.00645433115297234;-0.0145369923657759;-0.038538010112944;-0.0665149470718003;-0.100810391309415;-0.0259795023379643;-0.107405237136707;0.0286964675162209;-0.0398921934788848;-0.0241634952898124
31/07/2018;0.0317294865358105;0.0163494887220025;0.015379997813808;0.0352717139020833;0.0490243063029383;0.0572511244910028;0.0167130802226652;-0.0179563518355038;0.0278373071050122;0.0690313380995915;0.0189650708705851;0.107426083879748;0.050721460640357;-0.00509536693210721;-0.00945626477541373;0.0478611266207647;0.0571428183434792
31/08/2018;0.0155545315316472;0.0673001647783645;-0.0517456332467173;-0.0189519189180042;-0.0222323801321436;0.00245285034179688;-0.0091324231710157;-0.10143667510088;0.00671298403717002;0.00907603955752001;0.0111671938880458;0.00358074911491757;-0.0192259625462778;-0.0265266478264542;-0.013365169698128;0.011042287855352;0.00720720971463407
30/09/2018;-0.0101163701731182;-0.0186226561696841;0.00850628599656586;0.0160241425513732;0.0259861435321054;0.0180688700390179;0.0442396293759546;-0.00678296297138647;0.0646124959793934;-0.016514343138039;-0.0210360048051345;0.0703859903231907;0.0510861560225373;0.00215841991147525;0.00483792943765926;0.00810859591766411;-0.0084973394998058
31/10/2018;-0.085650147482904;-0.0981295690079218;0.0124794215250178;-0.0728226092886218;-0.0859340331718198;-0.0967831502233986;-0.0556045923179179;-0.260682893347651;-0.0436285203250452;-0.0617690450628435;-0.134031639138446;0.039393916274562;-0.0854189922712802;-0.105128516117186;-0.0423688164711468;-0.11753124620221;-0.0374380131448256
30/11/2018;0.0145118592769677;0.0284681002344848;-0.013956240957517;-0.0175755521928338;-0.0301830148756213;-0.0316241568605404;-0.00233644940445177;-0.0102930094061169;-0.0282294497393807;0.055608750810425;0.0533497926941688;-0.0728862989973129;-0.0317796305168707;-0.0151925704757825;0.0452488701668035;-0.0604538150266836;0.0309278614569362
31/12/2018;-0.116652725371611;-0.1049681855214;-0.0116845398502112;-0.0546031880474955;-0.0533163293854786;-0.112661206432849;0.0159250813523801;-0.0469333278411301;-0.123495220236495;-0.0688767696823603;-0.0771495583780123;-0.0622641380421414;-0.140226116797971;-0.109057572270071;-0.0322270184941813;0.0223718435438527;-0.0327272310900864
31/01/2019;0.132747491296754;0.127291879470744;0.00545561182601014;0.0553894414309488;0.0247911116630024;0.19366367691204;-0.0230521051974789;0.115277021486575;0.0735497429307084;0.0323524911846753;-0.0134014063257515;0.159289069369925;0.0560974879632754;0.0327447246263455;0.0442346386196164;0.083462380999771;0.0451127970689111
28/02/2019;0.0258749592454283;0.0655496380327731;-0.0396746787873447;0.0496341792948347;-0.0239284742735123;0.133506257138759;0.0349221620706035;0.0589562995512238;0.101259528381337;0.0445669579693651;0.0753557541383203;0.0413653548683681;0.127824155434651;0.0511287837074943;0.0561636718237644;0.0795352993744414;0.155575442514519
31/03/2019;-0.00062670772513694;-0.0124976371200783;0.0118709293949413;0.0209902442137766;-0.0272090072897511;0.0378521400485528;0.0337437571157368;0.0187160536718085;0.00605517956581569;0.035579685590279;-0.042105251685121;-0.0750000211927626;-0.0411324678376913;0.0205306863238042;0.0806670105796565;0.0857615691936569;0.00505835046713199
30/04/2019;0.0282199445820086;0.0374943058904192;-0.00927436130841059;0.0440854234188441;0.0401551021443014;0.0337573848687818;0.0458755540772742;0.0672091792646385;0.0586268620671475;0.0493521512470489;0.0530612406221778;0.043243317549498;0.135561654820562;0.127824112592952;0.0221017639045396;0.0645013549562958;0.0015486105654765
31/05/2019;-0.109007210989538;-0.0639992681399494;-0.0450079428495885;-0.0678038781333887;-0.120340795859977;-0.057597610775049;-0.0594685825342635;-0.0227807540398113;-0.0701200613468203;-0.00943396625834725;-0.065891500640901;-0.0305124157189677;-0.163532303749726;-0.110455484711009;-0.0191758959199954;-0.0299383528288542;-0.0672593889543659
30/06/2019;0.0785162502532886;0.0621038447155142;0.0164124055377744;0.0636259372281469;0.142554447759085;0.0854953825756746;0.103587461693134;0.0776897585389498;0.0461956730655853;0.0434173446480599;0.0395786713736923;0.00831350287291555;0.0307918424391989;0.0573808594113163;0.0420133376037632;0.105434084601106;0.00331542566198939
31/07/2019;-0.00053177737622253;0.017653312031286;-0.0181850894075086;-0.00362347362804261;0.0675496486638556;0.0271093779687588;0.0158472365766031;-0.00625678870343149;-0.0086580415427131;0.0523490137701867;-0.00583354708287509;0.025029514479787;0.0222854106189667;0.0140043623885446;-0.0339321357285429;0.00267165384080403;0.0400661090308208
31/08/2019;-0.0611843457966072;-0.0423174319758274;-0.0188669138207798;-0.00696151815666812;-0.0258064748192586;-0.0212400536667088;0.0131999595878911;-0.0572132554729891;-0.0886462363804685;0.0390305803448701;0.0670166182014775;-0.109451342228741;-0.0361780518839536;-0.0556754801848133;0.0272727524938663;-0.0343724868533717;0.00992847680019127
30/09/2019;0.0470115526246162;-0.00139286841081398;0.0484044210354302;0.0360023317842453;-0.0257258880466952;-0.0489867525853143;0.0311883392872632;-0.0609755678820643;0.122664080642002;-0.00785660934006116;0.0636758556156376;0.0361289978027344;0.0721847906850162;0.0968921491390895;0.0333869170924825;0.00620860937608825;-0.00983087122332471
31/10/2019;0.0154061388006419;0.0205053802492496;-0.00509924144860766;0.0091707907232419;0.00705883549708952;0.0773490055096775;0.00313936910082702;0.0732838256246922;0.010883446753958;-0.0799306991940802;0.0340136054421769;-0.0501244942883458;0.0489228060590334;0.0130555894639757;0.0190735461771119;0.0489510665084032;-0.00873713131217035
30/11/2019;0.0350929323480635;0.0606326729944107;-0.0255397406463472;0.0305958719369721;0.00804780294929963;0.0387789736687858;0.0331653621672601;0.11034289634332;0.0426430336354517;0.00484132070194532;-0.0242104781301398;-0.018026913808035;0.0624732148927278;0.00767750945777124;-0.0118410073738772;0.0648365693933823;-0.0016025885155948
31/12/2019;0.0562399300479227;0.0136311133603478;0.0426088166875749;0.0123434444195649;0.0751995372457082;-0.0218890427477169;0.025599381811312;-0.0358069806780738;0.0168050585404269;-0.0109742998049767;0.0215749513903891;-0.00200265246247888;0.0410793580707924;-0.00680272108843538;0.0204870024850532;0.0169408903041013;0.036115548699545
31/01/2020;-0.056427706734535;0.00195575620101655;-0.0583834629355516;-0.0287250735457055;-0.113053921453967;0.0211527426118889;0.0360538527163996;0.0110333651532741;-0.0410195404862272;-0.0202976991749414;-0.0567582224196036;0.0237458528722279;-0.0537718095351936;-0.0620547777985874;-0.0458333564527107;-0.0456301879697087;-0.0410534299012691
29/02/2020;-0.111839885136964;-0.0792647714121575;-0.0325751137248068;-0.085499635702623;-0.117742391414531;-0.188682122355007;-0.0600382138442513;-0.104338520116766;-0.129775747919481;-0.119889504450814;-0.0069969214442468;0.0222149719574269;-0.116107863922289;-0.0769680205025349;-0.0432711161595487;-0.0618517137477332;-0.0702745571991685
31/03/2020;-0.197354588796823;-0.191980750883424;-0.00537383791339896;-0.172089832569709;-0.23477191915597;-0.451063820627215;-0.0508543348249016;-0.0826151726771102;-0.246575988342008;-0.0797238187968545;-0.2468996714178;-0.0786193966073212;-0.381128603373572;-0.298575928862174;-0.00871371827184908;-0.0873668420203303;-0.151824584901167
30/04/2020;0.200732304160332;0.162186178710957;0.0385461254493759;0.0400489645188284;0.0127999877929688;-0.0246039615894572;-0.00471495921822151;0.0537738223172883;0.0258423508953654;0.0787857943378547;0.052021007960968;-0.0638224126762801;0.0884902843895277;0.0922624897124511;0.110506465345175;0.0413650450437453;0.00921896917043941
31/05/2020;0.0485493278886748;0.0716987305110591;-0.0231494026223844;0.0269586413671763;0.00118486125620443;-0.020387012498274;0.0516795727412949;0.0424224137688414;0.0113608313760516;-0.0268731740965527;-0.0202774700266038;0.0118562318465318;0.0744300758126548;0.200743527225847;-0.012815657945441;0.0639806696324434;0.0367927108160382
30/06/2020;0.0330003328364317;0.0460151265313762;-0.0130147936949445;0.051230618636495;-0.0449704646880552;0.120282179948081;0.0515970453485712;0.11913892461535;0.136263764670894;0;0.104212012943929;0.00732335286893249;0.0771984378219635;0.102511165239775;0.0908744515662485;0.0413333333333334;0.11796383148034
31/07/2020;0.0507978032469984;0.0241043529151914;0.0266934503318069;-0.030855063672555;-0.122676556202736;-0.0237720737617834;0.0872273970228261;-0.0461133060558192;-0.0939178614411407;-0.0815464643563457;-0.0134824021528892;-0.0185387213609109;-0.0358329413439407;-0.0274570727524083;-0.0094505148465821;-0.0608194622279129;-0.0192644288385947
31/08/2020;0.0789075799324534;0.0403286651928802;0.0385789147395732;0.0341849650459218;0.211864409062708;0.110143496230118;-0.00393982816635674;0.00138119436482809;0.01257115092269;-0.0254687374971512;0.108333333333333;-0.00296296013726127;0.0568545250060177;0.0901507686578256;-0.0215547918852143;0.0710292782357702;0.0624999933692469
30/09/2020;-0.0500707104621419;-0.0375507196896427;-0.0125199907724993;-0.0290628407860435;-0.0675990593080948;-0.0983439425219739;-0.0255303798272066;-0.0510344406654095;-0.0761302514916659;0.00217790834673792;-0.109172907090725;0.0152303063242991;-0.12994878165001;0.0597409890124818;0.00252803258382506;0.0168024600525045;0
31/10/2020;-0.00192014951847983;0.0328490415330116;-0.0347691910514915;-0.0435520605197792;-0.0891666412353516;0.00837764556662357;-0.0738006998401493;-0.148255873912728;-0.125253538874651;-0.141615348097681;-0.0496286691105027;-0.0223198174919294;-0.0923447598966682;-0.0697028169543756;0.000360252526357518;0.00726087616625248;0.0415965710250579
30/11/2020;0.165470481225563;0.173446834199595;-0.00797635297403145;0.201188776197778;0.315187520460807;0.401661657502109;0.0968126919370202;0.311945379783067;0.428405769618964;0.136286896129016;0.185790462538487;0.0276946029241969;0.426422838966918;0.188656707308186;0.104789248493957;0.200348020256451;0.0157321981277236
31/12/2020;0.0566533421864004;0.0780040902899458;-0.0213507481035454;0.00595452659221962;0.0295652306598166;0.0233670961349766;-0.0247002888023825;-0.0273152776943906;-0.0101461426553966;-0.00185670790354842;0.00808868930868845;0.0218499782037138;0.0667769198586268;-0.0582621725917736;0.0130378101667306;0.0579830199915101;0.0476568396472379
31/01/2021;0.0319347096740427;0.0121554647244926;0.0197792449495501;-0.0274164925719184;-0.0597973119916489;-0.0732902864838535;0.00558657506634797;-0.151109914703409;-0.0621156184508813;0.0223214434599193;-0.0365528469883618;-0.00285103083494898;-0.0910852333508051;0.0954667154947917;-0.0666022603039543;-0.02466237278145;-0.0401819371769019
28/02/2021;0.0854378569018909;0.0654238149549447;0.0200140419469462;0.0563064329977385;0.241825421057664;0.152764509375811;-0.0762963249844943;0.0179584627058356;0.136612027553372;0.0272925768738554;0.0351635801583017;0.0325232259578292;0.238272881600115;0.0813046784084059;0.0437779435444805;0.0535822052199697;0.12835701066611
31/03/2021;0.0760722964176272;-0.00927290472714732;0.0853452011447745;0.0638253042864438;-0.0694444858365573;0.0065686292290994;0.117081004802676;0.029402566012501;0.100240435975898;0.0361317915091568;0.0187722654242606;0.0692281080738486;0.0628498071714012;0.132823092505296;0.0792602409759982;0.0820951915922619;-0.0199510517029801
30/04/2021;0.0423836949159946;0.0391429718344367;0.00324072308155781;0.0333348168193839;0.040733873740874;0.0352185777256613;0.00588662299881548;-0.14882739342732;0.0279658895891437;0.00222224048060227;0.0424100854396268;0.042732266782322;0.0426893043477119;0.0433227408266461;0.0454406568488712;0.102270795842174;0.0357143220887066
31/05/2021;0.0337481654623196;-0.00501035270716275;0.0387585181694824;0.0283420541990413;-0.018225293937971;0.067240354778288;-0.0074222322577786;-0.0314376335725166;-0.0401700195599518;-0.00562854895177811;-0.0634118507361595;0.0381868853522964;-0.0520509703073289;0.0441904703776042;0.0780037885923657;0.0412008739859924;0.0248275548975032
30/06/2021;0.0108921206015159;0.0799954096016886;-0.0691032890001727;0.00940880370535635;-0.0416920515455445;0.0166885310161415;0.0616910770264563;-0.0645514388343832;-0.0529229273189512;0.018353339774043;-0.0656081624919275;-0.00807417670011557;-0.0317980286249239;0.0131339150804684;0.0203638345060602;0.014263784958541;-0.0467698465974491
31/07/2021;0.00315433212467762;-0.00806119697332332;0.0112155290980009;0.0161236059086276;-0.0517624379998121;0.0669494129784693;-0.00731405062954438;-0.214035081979184;0.0231470155055802;0.0453091205962879;0.041680061627112;-0.0557732461936978;-0.00457083970078165;0.084803727166592;0.0268760149856093;0.0190534354357774;0.006000713693606
31/08/2021;0.0368305832002924;0.0371842381685452;-0.00035365496825286;0.0101955027168414;-0.0234427578242173;0;0.0357484338088874;0.0902777633233884;0.0868373674019984;-0.00306159260718319;0.0904893344052213;0.0759898177300602;0.0382652891587505;0.0189211516954098;0.0269499716532104;-0.0698917271327389;0.134035131781495
30/09/2021;-0.0419040097707862;-0.0353377742825302;-0.00656623548825593;-0.0239769595941351;0.0613854912515097;-0.00518581235909199;-0.0872085734249035;0.0498180729530495;0.0128258363759608;-0.0455794366172346;0.0132656284689465;-0.0774480875745804;-0.0216216165552862;-0.0513112517103689;-0.0995457554999023;-0.0106892347439616;-0.159214720476375
31/10/2021;0.0822303699017177;0.0508602667608927;0.031370103140825;0.0475965664593221;-0.00129243665723078;-0.0390964383984052;0.0408428330479669;-0.0253521548203307;0.0446336227445612;-0.0457239762544298;-0.0250696793210476;0.00707620817866683;0.0915787588806229;0.02266482927167;0.106767564668231;0.0920819849527319;0.0210912885412771
30/11/2021;0.00446163316725756;-0.0613694466042738;0.0658310797715313;-0.0159845176078469;-0.153348424280727;-0.107414081530912;0.01095390418659;-0.159626509076189;-0.0321939376333381;-0.0773735033490132;-0.144285692487444;-0.0661130542999808;-0.0746932499970198;-0.0567495129311893;0.00645648237537477;0.0138806308468178;0.0103277744727728
31/12/2021;0.0319872727065914;-0.00921010042919353;0.0411973731357849;0.0642552206563112;0.0871226855177141;0.138168549645317;0.0514333499468789;-0.0108465570287666;0.0753593041365652;0.050009586270084;0.051418997293794;0.101573164726496;0.0401127305325479;0.101281569878966;0.0489308483195754;0.0588407017923145;0.056888919406467
31/01/2022;-0.0397179061532359;-0.117008913762159;0.0772910076089227;-0.0215055150704073;0.137434085854419;-0.00213597243205621;-0.0126533097991828;-0.154854215102814;0.0675959707414098;0.0120901235678201;-0.00952680975678188;0.050605436648429;0.0581672933180715;-0.0358816461020137;-0.0961746130939181;-0.00605230318302963;-0.0243902399898489
28/02/2022;0.00948576350815378;-0.0158426609399301;0.0253284244480839;-0.0486298587966454;-0.0546971700982438;0.0247948511522991;-0.0177037336406863;0.0107594983697299;-0.131640147208697;-0.0170135498046875;0.0266110903973773;0.0579195944336532;-0.136596398055337;-0.0620285107844335;-0.0579806441545173;-0.0867699325910345;-0.024999995889335
31/03/2022;0.0401742909548953;-0.00054237471039634;0.0407166656652917;0.000156189458252909;-0.0444589932516397;-0.0395126271125836;0.068728979659286;-0.224483405022131;0.0943357755515382;-0.0788068953373106;-0.0121799279019844;0.0974860824816417;-0.050584331394933;-0.0300268146964636;0.0249295946577905;-0.0159115011540167;0.046861159443631
30/04/2022;-0.0671967907124726;-0.144859428600877;0.0776626378884046;-0.0189343178526585;0.0786863216020841;-0.0436752416470366;0.0403976905767907;-0.0553088741992331;-0.0415961388055798;0.152108750670222;0.0385709562353629;0.0262152902849595;-0.0468490988627219;0.0379583813509314;-0.0410883934485299;-0.0460425366337807;-0.0743243330320882
31/05/2022;0.00791767086980022;-0.0553408244696962;0.0632584953394964;-0.00994375600144115;-0.0304472239427478;0.0306992404364557;-0.0151204127805892;0.0452991232146422;-0.0765906883625959;-0.0504857716555548;-0.0219177302724403;-0.0560515460971919;-0.00597535391692572;-0.0218356704589258;-0.0583261864703651;-0.035996751885341;0.0127737539083461
30/06/2022;-0.10506500140638;-0.0609366222263741;-0.0441283791800061;-0.0843958628941716;-0.155053968545531;-0.150119525779611;-0.134536990433955;-0.477309880378201;-0.0786899346430893;-0.0268591491503429;-0.0862122740640843;-0.112716782993547;-0.153480721659789;-0.256896536684027;0.00228275765596009;-0.0259544535887025;-0.126486507570885
31/07/2022;0.110880243120181;0.101387304277209;0.00949293884297246;0.0887476909554208;-0.0212930405994997;0.134451062363308;0.0468310976324342;-0.0614000670145496;0.0364728033745454;0.0103267568361045;0.00476837148290365;-0.0145099695535877;0.0284045523394185;0.10697279523167;0.117825750831611;0.160391930264844;-0.0451732385376876
31/08/2022;-0.0119680223256803;-0.00713750937864658;-0.00483051294703371;-0.0501511828089866;-0.0557753089048356;-0.0666475786310314;-0.0665075938986686;-0.15708335240682;0.0478841344792038;-0.0241591343352591;-0.00677968687930353;0;0.0234992189196066;-0.109762872698862;-0.0675088445842824;-0.0407407407407407;-0.0220350469631532
30/09/2022;-0.110864273035115;-0.0979338712459381;-0.0129304017891769;-0.0592251960168062;-0.0946795202942446;-0.0919399331506352;-0.0610223608296637;-0.193277307755187;-0.0446333370493863;-0.0750333032308111;-0.0836177105592516;-0.145733132572656;-0.0898802282550571;-0.0817843708018239;-0.0378732702112163;-0.0572972595921815;-0.119505167947905
31/10/2022;0.120474906720936;0.0648783653123432;0.0555965414085932;0.0875391229013278;0.121702873044195;0.232759619568809;0.12538283258995;0.21078435039117;0.112347033400368;0.0364422579552186;0.0756051676147409;0.145620800042508;0.0982782781413158;0.117408971076769;-0.0367902918894304;0.0468544797543076;0.0391370132815774
30/11/2022;0.0371704546022585;0.0173698087786236;0.0198006458236349;0.0752827666702118;0.0404290244013943;-0.00346783059374622;0.0447467727315873;0.0141700750709632;0.0808000183105468;-0.00516484546573526;0.0235457176224423;0.00859683088487628;0.0461571731290578;0.056642447332762;0.115372464587474;0.153834096702612;0.0357314718495709
31/12/2022;-0.07915583743229;-0.0660322029268734;-0.0131236345054166;-0.0392948107140657;-0.0741474616493968;0.0166666643377915;-0.0421068389004399;-0.100598835108766;-0.0357142907564465;-0.0169728885331484;-0.0514207908618641;-0.0477929333455651;0.0229969489367423;0.04354789439955;-0.0597519233902106;-0.0778515723982678;0.0389276965919592